timestamp,price,signal,holdings,cash,total,returns
2020-08-03 00:00:00+00:00,108.9375,,0.0,100000.0,100000.0,0.0
2020-08-04 00:00:00+00:00,109.66500091552734,,0.0,100000.0,100000.0,0.0
2020-08-05 00:00:00+00:00,110.0625,,0.0,100000.0,100000.0,0.0
2020-08-06 00:00:00+00:00,113.90249633789062,,0.0,100000.0,100000.0,0.0
2020-08-07 00:00:00+00:00,111.11250305175781,,0.0,100000.0,100000.0,0.0
2020-08-10 00:00:00+00:00,112.72750091552734,,0.0,100000.0,100000.0,0.0
2020-08-11 00:00:00+00:00,109.375,,0.0,100000.0,100000.0,0.0
2020-08-12 00:00:00+00:00,113.01000213623047,,0.0,100000.0,100000.0,0.0
2020-08-13 00:00:00+00:00,115.01000213623047,,0.0,100000.0,100000.0,0.0
2020-08-14 00:00:00+00:00,114.90750122070312,,0.0,100000.0,100000.0,0.0
2020-08-17 00:00:00+00:00,114.60749816894531,,0.0,100000.0,100000.0,0.0
2020-08-18 00:00:00+00:00,115.5625,,0.0,100000.0,100000.0,0.0
2020-08-19 00:00:00+00:00,115.7074966430664,,0.0,100000.0,100000.0,0.0
2020-08-20 00:00:00+00:00,118.2750015258789,,0.0,100000.0,100000.0,0.0
2020-08-21 00:00:00+00:00,124.37000274658203,,0.0,100000.0,100000.0,0.0
2020-08-24 00:00:00+00:00,125.85749816894531,,0.0,100000.0,100000.0,0.0
2020-08-25 00:00:00+00:00,124.82499694824219,,0.0,100000.0,100000.0,0.0
2020-08-26 00:00:00+00:00,126.52249908447266,,0.0,100000.0,100000.0,0.0
2020-08-27 00:00:00+00:00,125.01000213623047,,0.0,100000.0,100000.0,0.0
2020-08-28 00:00:00+00:00,124.80750274658203,,0.0,100000.0,100000.0,0.0
2020-08-31 00:00:00+00:00,129.0399932861328,,0.0,100000.0,100000.0,0.0
2020-09-01 00:00:00+00:00,134.17999267578125,SELL,0.0,100000.0,100000.0,0.0
2020-09-02 00:00:00+00:00,131.39999389648438,,0.0,100000.0,100000.0,0.0
2020-09-03 00:00:00+00:00,120.87999725341797,,0.0,100000.0,100000.0,0.0
2020-09-04 00:00:00+00:00,120.95999908447266,,0.0,100000.0,100000.0,0.0
2020-09-08 00:00:00+00:00,112.81999969482422,,0.0,100000.0,100000.0,0.0
2020-09-09 00:00:00+00:00,117.31999969482422,,0.0,100000.0,100000.0,0.0
2020-09-10 00:00:00+00:00,113.48999786376953,,0.0,100000.0,100000.0,0.0
2020-09-11 00:00:00+00:00,112.0,,0.0,100000.0,100000.0,0.0
2020-09-14 00:00:00+00:00,115.36000061035156,,0.0,100000.0,100000.0,0.0
2020-09-15 00:00:00+00:00,115.54000091552734,,0.0,100000.0,100000.0,0.0
2020-09-16 00:00:00+00:00,112.12999725341797,,0.0,100000.0,100000.0,0.0
2020-09-17 00:00:00+00:00,110.33999633789062,,0.0,100000.0,100000.0,0.0
2020-09-18 00:00:00+00:00,106.83999633789062,,0.0,100000.0,100000.0,0.0
2020-09-21 00:00:00+00:00,110.08000183105469,,0.0,100000.0,100000.0,0.0
2020-09-22 00:00:00+00:00,111.80999755859375,,0.0,100000.0,100000.0,0.0
2020-09-23 00:00:00+00:00,107.12000274658203,,0.0,100000.0,100000.0,0.0
2020-09-24 00:00:00+00:00,108.22000122070312,,0.0,100000.0,100000.0,0.0
2020-09-25 00:00:00+00:00,112.27999877929688,,0.0,100000.0,100000.0,0.0
2020-09-28 00:00:00+00:00,114.95999908447266,,0.0,100000.0,100000.0,0.0
2020-09-29 00:00:00+00:00,114.08999633789062,,0.0,100000.0,100000.0,0.0
2020-09-30 00:00:00+00:00,115.80999755859375,,0.0,100000.0,100000.0,0.0
2020-10-01 00:00:00+00:00,116.79000091552734,,0.0,100000.0,100000.0,0.0
2020-10-02 00:00:00+00:00,113.0199966430664,,0.0,100000.0,100000.0,0.0
2020-10-05 00:00:00+00:00,116.5,,0.0,100000.0,100000.0,0.0
2020-10-06 00:00:00+00:00,113.16000366210938,,0.0,100000.0,100000.0,0.0
2020-10-07 00:00:00+00:00,115.08000183105469,,0.0,100000.0,100000.0,0.0
2020-10-08 00:00:00+00:00,114.97000122070312,,0.0,100000.0,100000.0,0.0
2020-10-09 00:00:00+00:00,116.97000122070312,,0.0,100000.0,100000.0,0.0
2020-10-12 00:00:00+00:00,124.4000015258789,SELL,0.0,100000.0,100000.0,0.0
2020-10-13 00:00:00+00:00,121.0999984741211,,0.0,100000.0,100000.0,0.0
2020-10-14 00:00:00+00:00,121.19000244140625,,0.0,100000.0,100000.0,0.0
2020-10-15 00:00:00+00:00,120.70999908447266,,0.0,100000.0,100000.0,0.0
2020-10-16 00:00:00+00:00,119.0199966430664,,0.0,100000.0,100000.0,0.0
2020-10-19 00:00:00+00:00,115.9800033569336,,0.0,100000.0,100000.0,0.0
2020-10-20 00:00:00+00:00,117.51000213623047,,0.0,100000.0,100000.0,0.0
2020-10-21 00:00:00+00:00,116.87000274658203,,0.0,100000.0,100000.0,0.0
2020-10-22 00:00:00+00:00,115.75,,0.0,100000.0,100000.0,0.0
2020-10-23 00:00:00+00:00,115.04000091552734,,0.0,100000.0,100000.0,0.0
2020-10-26 00:00:00+00:00,115.05000305175781,,0.0,100000.0,100000.0,0.0
2020-10-27 00:00:00+00:00,116.5999984741211,,0.0,100000.0,100000.0,0.0
2020-10-28 00:00:00+00:00,111.19999694824219,,0.0,100000.0,100000.0,0.0
2020-10-29 00:00:00+00:00,115.31999969482422,,0.0,100000.0,100000.0,0.0
2020-10-30 00:00:00+00:00,108.86000061035156,BUY,1998.0019980019981,97999.0,99997.001998002,-2.998001998000266e-05
2020-11-02 00:00:00+00:00,108.7699966430664,,1996.350077136156,97999.0,99995.35007713616,-1.6519703919470885e-05
2020-11-03 00:00:00+00:00,110.44000244140625,,2027.0011418343922,97999.0,100026.0011418344,0.00030652490015370404
2020-11-04 00:00:00+00:00,114.94999694824219,,2109.7769822267664,97999.0,100108.77698222677,0.0008275432332340849
2020-11-05 00:00:00+00:00,119.02999877929688,,2184.660794137419,97999.0,100183.66079413742,0.000748024440693662
2020-11-06 00:00:00+00:00,118.69000244140625,,2178.420546492645,97999.0,100177.42054649265,-6.228807766961442e-05
2020-11-09 00:00:00+00:00,116.31999969482422,,2134.921830744054,97999.0,100133.92183074406,-0.0004342167677235942
2020-11-10 00:00:00+00:00,115.97000122070312,,2128.4980052188766,97999.0,100127.49800521888,-6.415234126200264e-05
2020-11-11 00:00:00+00:00,119.48999786376953,,2193.103556260351,97999.0,100192.10355626035,0.0006452328514001682
2020-11-12 00:00:00+00:00,119.20999908447266,,2187.9644958402096,97999.0,100186.9644958402,-5.12920703102937e-05
2020-11-13 00:00:00+00:00,119.26000213623047,,2188.882245213332,97999.0,100187.88224521333,9.160367097083011e-06
2020-11-16 00:00:00+00:00,120.30000305175781,,2207.970283937355,97999.0,100206.97028393735,0.00019052242942207975
2020-11-17 00:00:00+00:00,119.38999938964844,,2191.2681975429996,97999.0,100190.268197543,-0.0001666758943715818
2020-11-18 00:00:00+00:00,118.02999877929688,,2166.3069269061157,97999.0,100165.30692690611,-0.0002491386747032198
2020-11-19 00:00:00+00:00,118.63999938964844,,2177.5027971195223,97999.0,100176.50279711952,0.00011177393208194886
2020-11-20 00:00:00+00:00,117.33999633789062,,2153.64271370727,97999.0,100152.64271370728,-0.00023818043898549135
2020-11-23 00:00:00+00:00,113.8499984741211,,2089.5877562781116,97999.0,100088.58775627811,-0.0006395733122317449
2020-11-24 00:00:00+00:00,115.16999816894531,,2113.814855422276,97999.0,100112.81485542227,0.00024205655896714084
2020-11-25 00:00:00+00:00,116.02999877929688,,2129.599192443509,97999.0,100128.59919244351,0.00015766550010631875
2020-11-27 00:00:00+00:00,116.58999633789062,,2139.877313283793,97999.0,100138.8773132838,0.00010264920235769637
2020-11-30 00:00:00+00:00,119.05000305175781,,2185.027949898226,97999.0,100184.02794989823,0.0004508801958422737
2020-12-01 00:00:00+00:00,122.72000122070312,,2252.3866090301744,97999.0,100251.38660903017,0.0006723492807219067
2020-12-02 00:00:00+00:00,123.08000183105469,SELL,0.0,100254.73501842332,100254.73501842332,3.340013047603563e-05
2020-12-03 00:00:00+00:00,122.94000244140625,,0.0,100254.73501842332,100254.73501842332,0.0
2020-12-04 00:00:00+00:00,122.25,,0.0,100254.73501842332,100254.73501842332,0.0
2020-12-07 00:00:00+00:00,123.75,,0.0,100254.73501842332,100254.73501842332,0.0
2020-12-08 00:00:00+00:00,124.37999725341797,,0.0,100254.73501842332,100254.73501842332,0.0
2020-12-09 00:00:00+00:00,121.77999877929688,,0.0,100254.73501842332,100254.73501842332,0.0
2020-12-10 00:00:00+00:00,123.23999786376953,,0.0,100254.73501842332,100254.73501842332,0.0
2020-12-11 00:00:00+00:00,122.41000366210938,,0.0,100254.73501842332,100254.73501842332,0.0
2020-12-14 00:00:00+00:00,121.77999877929688,,0.0,100254.73501842332,100254.73501842332,0.0
2020-12-15 00:00:00+00:00,127.87999725341797,SELL,0.0,100254.73501842332,100254.73501842332,0.0
2020-12-16 00:00:00+00:00,127.80999755859375,,0.0,100254.73501842332,100254.73501842332,0.0
2020-12-17 00:00:00+00:00,128.6999969482422,,0.0,100254.73501842332,100254.73501842332,0.0
2020-12-18 00:00:00+00:00,126.66000366210938,,0.0,100254.73501842332,100254.73501842332,0.0
2020-12-21 00:00:00+00:00,128.22999572753906,,0.0,100254.73501842332,100254.73501842332,0.0
2020-12-22 00:00:00+00:00,131.8800048828125,,0.0,100254.73501842332,100254.73501842332,0.0
2020-12-23 00:00:00+00:00,130.9600067138672,,0.0,100254.73501842332,100254.73501842332,0.0
2020-12-24 00:00:00+00:00,131.97000122070312,,0.0,100254.73501842332,100254.73501842332,0.0
2020-12-28 00:00:00+00:00,136.69000244140625,SELL,0.0,100254.73501842332,100254.73501842332,0.0
2020-12-29 00:00:00+00:00,134.8699951171875,,0.0,100254.73501842332,100254.73501842332,0.0
2020-12-30 00:00:00+00:00,133.72000122070312,,0.0,100254.73501842332,100254.73501842332,0.0
2020-12-31 00:00:00+00:00,132.69000244140625,,0.0,100254.73501842332,100254.73501842332,0.0
2021-01-04 00:00:00+00:00,129.41000366210938,,0.0,100254.73501842332,100254.73501842332,0.0
2021-01-05 00:00:00+00:00,131.00999450683594,,0.0,100254.73501842332,100254.73501842332,0.0
2021-01-06 00:00:00+00:00,126.5999984741211,,0.0,100254.73501842332,100254.73501842332,0.0
2021-01-07 00:00:00+00:00,130.9199981689453,,0.0,100254.73501842332,100254.73501842332,0.0
2021-01-08 00:00:00+00:00,132.0500030517578,,0.0,100254.73501842332,100254.73501842332,0.0
2021-01-11 00:00:00+00:00,128.97999572753906,,0.0,100254.73501842332,100254.73501842332,0.0
2021-01-12 00:00:00+00:00,128.8000030517578,,0.0,100254.73501842332,100254.73501842332,0.0
2021-01-13 00:00:00+00:00,130.88999938964844,,0.0,100254.73501842332,100254.73501842332,0.0
2021-01-14 00:00:00+00:00,128.91000366210938,,0.0,100254.73501842332,100254.73501842332,0.0
2021-01-15 00:00:00+00:00,127.13999938964844,,0.0,100254.73501842332,100254.73501842332,0.0
2021-01-19 00:00:00+00:00,127.83000183105469,,0.0,100254.73501842332,100254.73501842332,0.0
2021-01-20 00:00:00+00:00,132.02999877929688,,0.0,100254.73501842332,100254.73501842332,0.0
2021-01-21 00:00:00+00:00,136.8699951171875,,0.0,100254.73501842332,100254.73501842332,0.0
2021-01-22 00:00:00+00:00,139.07000732421875,SELL,0.0,100254.73501842332,100254.73501842332,0.0
2021-01-25 00:00:00+00:00,142.9199981689453,,0.0,100254.73501842332,100254.73501842332,0.0
2021-01-26 00:00:00+00:00,143.16000366210938,,0.0,100254.73501842332,100254.73501842332,0.0
2021-01-27 00:00:00+00:00,142.05999755859375,,0.0,100254.73501842332,100254.73501842332,0.0
2021-01-28 00:00:00+00:00,137.08999633789062,,0.0,100254.73501842332,100254.73501842332,0.0
2021-01-29 00:00:00+00:00,131.9600067138672,,0.0,100254.73501842332,100254.73501842332,0.0
2021-02-01 00:00:00+00:00,134.13999938964844,,0.0,100254.73501842332,100254.73501842332,0.0
2021-02-02 00:00:00+00:00,134.99000549316406,,0.0,100254.73501842332,100254.73501842332,0.0
2021-02-03 00:00:00+00:00,133.94000244140625,,0.0,100254.73501842332,100254.73501842332,0.0
2021-02-04 00:00:00+00:00,137.38999938964844,,0.0,100254.73501842332,100254.73501842332,0.0
2021-02-05 00:00:00+00:00,136.75999450683594,,0.0,100254.73501842332,100254.73501842332,0.0
2021-02-08 00:00:00+00:00,136.91000366210938,,0.0,100254.73501842332,100254.73501842332,0.0
2021-02-09 00:00:00+00:00,136.00999450683594,,0.0,100254.73501842332,100254.73501842332,0.0
2021-02-10 00:00:00+00:00,135.38999938964844,,0.0,100254.73501842332,100254.73501842332,0.0
2021-02-11 00:00:00+00:00,135.1300048828125,,0.0,100254.73501842332,100254.73501842332,0.0
2021-02-12 00:00:00+00:00,135.3699951171875,,0.0,100254.73501842332,100254.73501842332,0.0
2021-02-16 00:00:00+00:00,133.19000244140625,,0.0,100254.73501842332,100254.73501842332,0.0
2021-02-17 00:00:00+00:00,130.83999633789062,,0.0,100254.73501842332,100254.73501842332,0.0
2021-02-18 00:00:00+00:00,129.7100067138672,,0.0,100254.73501842332,100254.73501842332,0.0
2021-02-19 00:00:00+00:00,129.8699951171875,,0.0,100254.73501842332,100254.73501842332,0.0
2021-02-22 00:00:00+00:00,126.0,BUY,2003.0916087597068,98248.64031805485,100251.73192681455,-2.99546112033644e-05
2021-02-23 00:00:00+00:00,125.86000061035156,,2000.8659611197365,98248.64031805485,100249.50627917459,-2.2200590425569544e-05
2021-02-24 00:00:00+00:00,125.3499984741211,,1992.7581754091589,98248.64031805485,100241.39849346402,-8.087606624207488e-05
2021-02-25 00:00:00+00:00,120.98999786376953,BUY,3886.45463358653,96282.66751169375,100169.12214528029,-0.0007210229433146642
2021-02-26 00:00:00+00:00,121.26000213623047,,3895.12774189566,96282.66751169375,100177.79525358941,8.65846492750233e-05
2021-03-01 00:00:00+00:00,127.79000091552734,,4104.885114085121,96282.66751169375,100387.55262577887,0.002093850954280718
2021-03-02 00:00:00+00:00,125.12000274658203,,4019.1191256680536,96282.66751169375,100301.7866373618,-0.0008543488328357496
2021-03-03 00:00:00+00:00,122.05999755859375,,3920.8252869075427,96282.66751169375,100203.49279860129,-0.000979980936091307
2021-03-04 00:00:00+00:00,120.12999725341797,,3858.8295950213464,96282.66751169375,100141.4971067151,-0.0006186979131634907
2021-03-05 00:00:00+00:00,121.41999816894531,,3900.267152869121,96282.66751169375,100182.93466456288,0.00041379007749031693
2021-03-08 00:00:00+00:00,116.36000061035156,,3737.7293290427597,96282.66751169375,100020.39684073652,-0.001622410287446474
2021-03-09 00:00:00+00:00,121.08999633789062,,3889.6667960789787,96282.66751169375,100172.33430777273,0.001519064829128336
2021-03-10 00:00:00+00:00,119.9800033569336,,3854.011473818817,96282.66751169375,100136.67898551257,-0.00035593981618331494
2021-03-11 00:00:00+00:00,121.95999908447266,,3917.613124415094,96282.66751169375,100200.28063610884,0.0006351483915847389
2021-03-12 00:00:00+00:00,121.02999877929688,,3887.739547597967,96282.66751169375,100170.40705929173,-0.0002981386541780484
2021-03-15 00:00:00+00:00,123.98999786376953,,3982.8209787937394,96282.66751169375,100265.48849048749,0.0009491968135806328
2021-03-16 00:00:00+00:00,125.56999969482422,,4033.573979420219,96282.66751169375,100316.24149111398,0.0005061861403219403
2021-03-17 00:00:00+00:00,124.76000213623047,,4007.555144637405,96282.66751169375,100290.22265633116,-0.00025936811822369066
2021-03-18 00:00:00+00:00,120.52999877929688,,3871.678490063432,96282.66751169375,100154.34600175719,-0.001354834509038616
2021-03-19 00:00:00+00:00,119.98999786376953,,3854.3325185174594,96282.66751169375,100137.00003021122,-0.00017319239991508972
2021-03-22 00:00:00+00:00,123.38999938964844,,3963.547758766755,96282.66751169375,100246.21527046051,0.0010906582004288623
2021-03-23 00:00:00+00:00,122.54000091552734,,3936.2440099725036,96282.66751169375,100218.91152166626,-0.00027236687909448776
2021-03-24 00:00:00+00:00,120.08999633789062,,3857.544681009909,96282.66751169375,100140.21219270366,-0.0007852742338514407
2021-03-25 00:00:00+00:00,120.58999633789062,,3873.6057385444437,96282.66751169375,100156.2732502382,0.00016038569504561728
2021-03-26 00:00:00+00:00,121.20999908447266,,3893.521538113291,96282.66751169375,100176.18904980704,0.0001988472506269101
2021-03-29 00:00:00+00:00,121.38999938964844,,3899.3035286286154,96282.66751169375,100181.97104032237,5.7718211984081336e-05
2021-03-30 00:00:00+00:00,119.9000015258789,,3851.441645795942,96282.66751169375,100134.1091574897,-0.0004777494626594381
2021-03-31 00:00:00+00:00,122.1500015258789,,3923.7164047013493,96282.66751169375,100206.3839163951,0.0007217796164913359
2021-04-01 00:00:00+00:00,123.0,,3951.020153495601,96282.66751169375,100233.68766518935,0.00027247514307093823
2021-04-05 00:00:00+00:00,125.9000015258789,,4044.1743362103616,96282.66751169375,100326.84184790411,0.0009293700040839958
2021-04-06 00:00:00+00:00,126.20999908447266,,4054.132113458641,96282.66751169375,100336.7996251524,9.925337093119602e-05
2021-04-07 00:00:00+00:00,127.9000015258789,SELL,0.0,100385.9776594759,100385.9776594759,0.0004901295886177159
2021-04-08 00:00:00+00:00,130.36000061035156,,0.0,100385.9776594759,100385.9776594759,0.0
2021-04-09 00:00:00+00:00,133.0,,0.0,100385.9776594759,100385.9776594759,0.0
2021-04-12 00:00:00+00:00,131.24000549316406,,0.0,100385.9776594759,100385.9776594759,0.0
2021-04-13 00:00:00+00:00,134.42999267578125,SELL,0.0,100385.9776594759,100385.9776594759,0.0
2021-04-14 00:00:00+00:00,132.02999877929688,,0.0,100385.9776594759,100385.9776594759,0.0
2021-04-15 00:00:00+00:00,134.5,,0.0,100385.9776594759,100385.9776594759,0.0
2021-04-16 00:00:00+00:00,134.16000366210938,,0.0,100385.9776594759,100385.9776594759,0.0
2021-04-19 00:00:00+00:00,134.83999633789062,,0.0,100385.9776594759,100385.9776594759,0.0
2021-04-20 00:00:00+00:00,133.11000061035156,,0.0,100385.9776594759,100385.9776594759,0.0
2021-04-21 00:00:00+00:00,133.5,,0.0,100385.9776594759,100385.9776594759,0.0
2021-04-22 00:00:00+00:00,131.94000244140625,,0.0,100385.9776594759,100385.9776594759,0.0
2021-04-23 00:00:00+00:00,134.32000732421875,,0.0,100385.9776594759,100385.9776594759,0.0
2021-04-26 00:00:00+00:00,134.72000122070312,,0.0,100385.9776594759,100385.9776594759,0.0
2021-04-27 00:00:00+00:00,134.38999938964844,,0.0,100385.9776594759,100385.9776594759,0.0
2021-04-28 00:00:00+00:00,133.5800018310547,,0.0,100385.9776594759,100385.9776594759,0.0
2021-04-29 00:00:00+00:00,133.47999572753906,,0.0,100385.9776594759,100385.9776594759,0.0
2021-04-30 00:00:00+00:00,131.4600067138672,,0.0,100385.9776594759,100385.9776594759,0.0
2021-05-03 00:00:00+00:00,132.5399932861328,,0.0,100385.9776594759,100385.9776594759,0.0
2021-05-04 00:00:00+00:00,127.8499984741211,BUY,2005.7138393501682,98377.25810628639,100382.97194563656,-2.994157061997349e-05
2021-05-05 00:00:00+00:00,128.10000610351562,,2009.6359650302966,98377.25810628639,100386.89407131668,3.907162344485293e-05
2021-05-06 00:00:00+00:00,129.74000549316406,,2035.364314749515,98377.25810628639,100412.6224210359,0.0002562919189526003
2021-05-07 00:00:00+00:00,130.2100067138672,,2042.737705161143,98377.25810628639,100419.99581144753,7.343091171052585e-05
2021-05-10 00:00:00+00:00,126.8499984741211,BUY,3955.6053979333356,96408.71294416067,100364.318342094,-0.0005544460433763998
2021-05-11 00:00:00+00:00,125.91000366210938,,3926.2932292526125,96408.71294416067,100335.00617341328,-0.0002920576671563424
2021-05-12 00:00:00+00:00,122.7699966430664,,3828.3773533087206,96408.71294416067,100237.09029746939,-0.0009758894694704701
2021-05-13 00:00:00+00:00,124.97000122070312,,3896.9808226619602,96408.71294416067,100305.69376682263,0.00068441201904057
2021-05-14 00:00:00+00:00,127.44999694824219,,3974.315348516972,96408.71294416067,100383.02829267764,0.0007709883950834939
2021-05-17 00:00:00+00:00,126.2699966430664,,3937.5190092748508,96408.71294416067,100346.23195343552,-0.00036655936633867015
2021-05-18 00:00:00+00:00,124.8499984741211,,3893.238737381261,96408.71294416067,100301.95168154193,-0.0004412748842840264
2021-05-19 00:00:00+00:00,124.69000244140625,,3888.2495282502587,96408.71294416067,100296.96247241093,-4.9741894822208366e-05
2021-05-20 00:00:00+00:00,127.30999755859375,,3969.9497013111213,96408.71294416067,100378.66264547179,0.0008145827256067495
2021-05-21 00:00:00+00:00,125.43000030517578,,3911.325126039746,96408.71294416067,100320.03807020042,-0.0005840342332357196
2021-05-24 00:00:00+00:00,127.0999984741211,,3963.401230502345,96408.71294416067,100372.11417466302,0.0005190997278745613
2021-05-25 00:00:00+00:00,126.9000015258789,,3957.164659611109,96408.71294416067,100365.87760377178,-6.213449763936563e-05
2021-05-26 00:00:00+00:00,126.8499984741211,,3955.6053979333356,96408.71294416067,100364.318342094,-1.553577485691182e-05
2021-05-27 00:00:00+00:00,125.27999877929688,,3906.647578916354,96408.71294416067,100315.36052307702,-0.0004878010415027001
2021-05-28 00:00:00+00:00,124.61000061035156,,3885.7548047297923,96408.71294416067,100294.46774889046,-0.0002082709375476055
2021-06-01 00:00:00+00:00,124.27999877929688,,3875.4642486403172,96408.71294416067,100284.17719280098,-0.0001026034268932774
2021-06-02 00:00:00+00:00,125.05999755859375,,3899.7872081900373,96408.71294416067,100308.50015235071,0.00024254035113591144
2021-06-03 00:00:00+00:00,123.54000091552734,,3852.38865085083,96408.71294416067,100261.1015950115,-0.00047252782433415685
2021-06-04 00:00:00+00:00,125.88999938964844,,3925.6694294175313,96408.71294416067,100334.38237357819,0.0007308993956869347
2021-06-07 00:00:00+00:00,125.9000015258789,,3925.981329335072,96408.71294416067,100334.69427349574,3.1086045497730197e-06
2021-06-08 00:00:00+00:00,126.73999786376953,,3952.1752125701773,96408.71294416067,100360.88815673084,0.0002610650625365363
2021-06-09 00:00:00+00:00,127.12999725341797,,3964.336692345037,96408.71294416067,100373.0496365057,0.00012117748256534888
2021-06-10 00:00:00+00:00,126.11000061035156,,3932.529800143848,96408.71294416067,100341.24274430452,-0.0003168867770420025
2021-06-11 00:00:00+00:00,127.3499984741211,,3971.197063071354,96408.71294416067,100379.91000723201,0.00038535762434221965
2021-06-14 00:00:00+00:00,130.47999572753906,SELL,0.0,100472.44494454726,100472.44494454726,0.0009218471834511188
2021-06-15 00:00:00+00:00,129.63999938964844,,0.0,100472.44494454726,100472.44494454726,0.0
2021-06-16 00:00:00+00:00,130.14999389648438,,0.0,100472.44494454726,100472.44494454726,0.0
2021-06-17 00:00:00+00:00,131.7899932861328,SELL,0.0,100472.44494454726,100472.44494454726,0.0
2021-06-18 00:00:00+00:00,130.4600067138672,,0.0,100472.44494454726,100472.44494454726,0.0
2021-06-21 00:00:00+00:00,132.3000030517578,,0.0,100472.44494454726,100472.44494454726,0.0
2021-06-22 00:00:00+00:00,133.97999572753906,SELL,0.0,100472.44494454726,100472.44494454726,0.0
2021-06-23 00:00:00+00:00,133.6999969482422,,0.0,100472.44494454726,100472.44494454726,0.0
2021-06-24 00:00:00+00:00,133.41000366210938,,0.0,100472.44494454726,100472.44494454726,0.0
2021-06-25 00:00:00+00:00,133.11000061035156,,0.0,100472.44494454726,100472.44494454726,0.0
2021-06-28 00:00:00+00:00,134.77999877929688,,0.0,100472.44494454726,100472.44494454726,0.0
2021-06-29 00:00:00+00:00,136.3300018310547,,0.0,100472.44494454726,100472.44494454726,0.0
2021-06-30 00:00:00+00:00,136.9600067138672,,0.0,100472.44494454726,100472.44494454726,0.0
2021-07-01 00:00:00+00:00,137.27000427246094,,0.0,100472.44494454726,100472.44494454726,0.0
2021-07-02 00:00:00+00:00,139.9600067138672,,0.0,100472.44494454726,100472.44494454726,0.0
2021-07-06 00:00:00+00:00,142.02000427246094,SELL,0.0,100472.44494454726,100472.44494454726,0.0
2021-07-07 00:00:00+00:00,144.57000732421875,,0.0,100472.44494454726,100472.44494454726,0.0
2021-07-08 00:00:00+00:00,143.24000549316406,,0.0,100472.44494454726,100472.44494454726,0.0
2021-07-09 00:00:00+00:00,145.11000061035156,,0.0,100472.44494454726,100472.44494454726,0.0
2021-07-12 00:00:00+00:00,144.5,,0.0,100472.44494454726,100472.44494454726,0.0
2021-07-13 00:00:00+00:00,145.63999938964844,,0.0,100472.44494454726,100472.44494454726,0.0
2021-07-14 00:00:00+00:00,149.14999389648438,,0.0,100472.44494454726,100472.44494454726,0.0
2021-07-15 00:00:00+00:00,148.47999572753906,,0.0,100472.44494454726,100472.44494454726,0.0
2021-07-16 00:00:00+00:00,146.38999938964844,,0.0,100472.44494454726,100472.44494454726,0.0
2021-07-19 00:00:00+00:00,142.4499969482422,,0.0,100472.44494454726,100472.44494454726,0.0
2021-07-20 00:00:00+00:00,146.14999389648438,,0.0,100472.44494454726,100472.44494454726,0.0
2021-07-21 00:00:00+00:00,145.39999389648438,,0.0,100472.44494454726,100472.44494454726,0.0
2021-07-22 00:00:00+00:00,146.8000030517578,,0.0,100472.44494454726,100472.44494454726,0.0
2021-07-23 00:00:00+00:00,148.55999755859375,,0.0,100472.44494454726,100472.44494454726,0.0
2021-07-26 00:00:00+00:00,148.99000549316406,,0.0,100472.44494454726,100472.44494454726,0.0
2021-07-27 00:00:00+00:00,146.77000427246094,,0.0,100472.44494454726,100472.44494454726,0.0
2021-07-28 00:00:00+00:00,144.97999572753906,,0.0,100472.44494454726,100472.44494454726,0.0
2021-07-29 00:00:00+00:00,145.63999938964844,,0.0,100472.44494454726,100472.44494454726,0.0
2021-07-30 00:00:00+00:00,145.86000061035156,,0.0,100472.44494454726,100472.44494454726,0.0
2021-08-02 00:00:00+00:00,145.52000427246094,,0.0,100472.44494454726,100472.44494454726,0.0
2021-08-03 00:00:00+00:00,147.36000061035156,,0.0,100472.44494454726,100472.44494454726,0.0
2021-08-04 00:00:00+00:00,146.9499969482422,,0.0,100472.44494454726,100472.44494454726,0.0
2021-08-05 00:00:00+00:00,147.05999755859375,,0.0,100472.44494454726,100472.44494454726,0.0
2021-08-06 00:00:00+00:00,146.13999938964844,,0.0,100472.44494454726,100472.44494454726,0.0
2021-08-09 00:00:00+00:00,146.08999633789062,,0.0,100472.44494454726,100472.44494454726,0.0
2021-08-10 00:00:00+00:00,145.60000610351562,,0.0,100472.44494454726,100472.44494454726,0.0
2021-08-11 00:00:00+00:00,145.86000061035156,,0.0,100472.44494454726,100472.44494454726,0.0
2021-08-12 00:00:00+00:00,148.88999938964844,,0.0,100472.44494454726,100472.44494454726,0.0
2021-08-13 00:00:00+00:00,149.10000610351562,,0.0,100472.44494454726,100472.44494454726,0.0
2021-08-16 00:00:00+00:00,151.1199951171875,SELL,0.0,100472.44494454726,100472.44494454726,0.0
2021-08-17 00:00:00+00:00,150.19000244140625,,0.0,100472.44494454726,100472.44494454726,0.0
2021-08-18 00:00:00+00:00,146.36000061035156,,0.0,100472.44494454726,100472.44494454726,0.0
2021-08-19 00:00:00+00:00,146.6999969482422,,0.0,100472.44494454726,100472.44494454726,0.0
2021-08-20 00:00:00+00:00,148.19000244140625,,0.0,100472.44494454726,100472.44494454726,0.0
2021-08-23 00:00:00+00:00,149.7100067138672,,0.0,100472.44494454726,100472.44494454726,0.0
2021-08-24 00:00:00+00:00,149.6199951171875,,0.0,100472.44494454726,100472.44494454726,0.0
2021-08-25 00:00:00+00:00,148.36000061035156,,0.0,100472.44494454726,100472.44494454726,0.0
2021-08-26 00:00:00+00:00,147.5399932861328,,0.0,100472.44494454726,100472.44494454726,0.0
2021-08-27 00:00:00+00:00,148.60000610351562,,0.0,100472.44494454726,100472.44494454726,0.0
2021-08-30 00:00:00+00:00,153.1199951171875,SELL,0.0,100472.44494454726,100472.44494454726,0.0
2021-08-31 00:00:00+00:00,151.8300018310547,,0.0,100472.44494454726,100472.44494454726,0.0
2021-09-01 00:00:00+00:00,152.50999450683594,,0.0,100472.44494454726,100472.44494454726,0.0
2021-09-02 00:00:00+00:00,153.64999389648438,,0.0,100472.44494454726,100472.44494454726,0.0
2021-09-03 00:00:00+00:00,154.3000030517578,,0.0,100472.44494454726,100472.44494454726,0.0
2021-09-07 00:00:00+00:00,156.69000244140625,SELL,0.0,100472.44494454726,100472.44494454726,0.0
2021-09-08 00:00:00+00:00,155.11000061035156,,0.0,100472.44494454726,100472.44494454726,0.0
2021-09-09 00:00:00+00:00,154.07000732421875,,0.0,100472.44494454726,100472.44494454726,0.0
2021-09-10 00:00:00+00:00,148.97000122070312,,0.0,100472.44494454726,100472.44494454726,0.0
2021-09-13 00:00:00+00:00,149.5500030517578,,0.0,100472.44494454726,100472.44494454726,0.0
2021-09-14 00:00:00+00:00,148.1199951171875,,0.0,100472.44494454726,100472.44494454726,0.0
2021-09-15 00:00:00+00:00,149.02999877929688,,0.0,100472.44494454726,100472.44494454726,0.0
2021-09-16 00:00:00+00:00,148.7899932861328,,0.0,100472.44494454726,100472.44494454726,0.0
2021-09-17 00:00:00+00:00,146.05999755859375,,0.0,100472.44494454726,100472.44494454726,0.0
2021-09-20 00:00:00+00:00,142.94000244140625,BUY,2007.4414574335121,98461.99604565631,100469.43750308982,-2.9932997640202963e-05
2021-09-21 00:00:00+00:00,143.42999267578125,,2014.32285307799,98461.99604565631,100476.3188987343,6.849242730422311e-05
2021-09-22 00:00:00+00:00,145.85000610351562,,2048.3093872839845,98461.99604565631,100510.3054329403,0.0003382541735057476
2021-09-23 00:00:00+00:00,146.8300018310547,,2062.072392866526,98461.99604565631,100524.06843852284,0.0001369312880232787
2021-09-24 00:00:00+00:00,146.9199981689453,,2063.336296438746,98461.99604565631,100525.33234209506,1.2573143843619405e-05
2021-09-27 00:00:00+00:00,145.3699951171875,,2041.5681396449713,98461.99604565631,100503.56418530128,-0.0002165439923114132
2021-09-28 00:00:00+00:00,141.91000366210938,,1992.9762117685414,98461.99604565631,100454.97225742486,-0.00048348462335956466
2021-09-29 00:00:00+00:00,142.8300018310547,,2005.8966149696034,98461.99604565631,100467.89266062592,0.00012861885191650657
2021-09-30 00:00:00+00:00,141.5,,1987.218143103646,98461.99604565631,100449.21418875996,-0.00018591483678331855
2021-10-01 00:00:00+00:00,142.64999389648438,,2003.3685935315768,98461.99604565631,100465.36463918789,0.00016078224760995852
2021-10-04 00:00:00+00:00,139.13999938964844,,1954.0744255727182,98461.99604565631,100416.07047122903,-0.0004906583292251243
2021-10-05 00:00:00+00:00,141.11000061035156,,1981.7410133304397,98461.99604565631,100443.73705898675,0.0002755195222028384
2021-10-06 00:00:00+00:00,142.0,,1994.2401153407616,98461.99604565631,100456.23616099707,0.00012443883885948637
2021-10-07 00:00:00+00:00,143.2899932861328,,2012.356709423341,98461.99604565631,100474.35275507966,0.00018034315016102198
2021-10-08 00:00:00+00:00,142.89999389648438,,2006.8795796501347,98461.99604565631,100468.87562530645,-5.45127151657665e-05
2021-10-11 00:00:00+00:00,142.80999755859375,,2005.6156760779145,98461.99604565631,100467.61172173423,-1.258005092974468e-05
2021-10-12 00:00:00+00:00,141.50999450683594,,1987.3585054026973,98461.99604565631,100449.354551059,-0.00018172195359622556
2021-10-13 00:00:00+00:00,140.91000366210938,,1978.9322672943108,98461.99604565631,100440.92831295062,-8.388543805026849e-05
2021-10-14 00:00:00+00:00,143.75999450683594,,2018.9573804697166,98461.99604565631,100480.95342612603,0.00039849405862413256
2021-10-15 00:00:00+00:00,144.83999633789062,,2034.124866217116,98461.99604565631,100496.12091187343,0.00015094886374211747
2021-10-18 00:00:00+00:00,146.5500030517578,,2058.1401055572287,98461.99604565631,100520.13615121355,0.00023896682899016142
2021-10-19 00:00:00+00:00,148.75999450683594,SELL,0.0,100548.08397139434,100548.08397139434,0.00027803205656984353
2021-10-20 00:00:00+00:00,149.25999450683594,,0.0,100548.08397139434,100548.08397139434,0.0
2021-10-21 00:00:00+00:00,149.47999572753906,,0.0,100548.08397139434,100548.08397139434,0.0
2021-10-22 00:00:00+00:00,148.69000244140625,,0.0,100548.08397139434,100548.08397139434,0.0
2021-10-25 00:00:00+00:00,148.63999938964844,,0.0,100548.08397139434,100548.08397139434,0.0
2021-10-26 00:00:00+00:00,149.32000732421875,,0.0,100548.08397139434,100548.08397139434,0.0
2021-10-27 00:00:00+00:00,148.85000610351562,,0.0,100548.08397139434,100548.08397139434,0.0
2021-10-28 00:00:00+00:00,152.57000732421875,,0.0,100548.08397139434,100548.08397139434,0.0
2021-10-29 00:00:00+00:00,149.8000030517578,,0.0,100548.08397139434,100548.08397139434,0.0
2021-11-01 00:00:00+00:00,148.9600067138672,,0.0,100548.08397139434,100548.08397139434,0.0
2021-11-02 00:00:00+00:00,150.02000427246094,,0.0,100548.08397139434,100548.08397139434,0.0
2021-11-03 00:00:00+00:00,151.49000549316406,,0.0,100548.08397139434,100548.08397139434,0.0
2021-11-04 00:00:00+00:00,150.9600067138672,,0.0,100548.08397139434,100548.08397139434,0.0
2021-11-05 00:00:00+00:00,151.27999877929688,,0.0,100548.08397139434,100548.08397139434,0.0
2021-11-08 00:00:00+00:00,150.44000244140625,,0.0,100548.08397139434,100548.08397139434,0.0
2021-11-09 00:00:00+00:00,150.80999755859375,,0.0,100548.08397139434,100548.08397139434,0.0
2021-11-10 00:00:00+00:00,147.9199981689453,,0.0,100548.08397139434,100548.08397139434,0.0
2021-11-11 00:00:00+00:00,147.8699951171875,,0.0,100548.08397139434,100548.08397139434,0.0
2021-11-12 00:00:00+00:00,149.99000549316406,,0.0,100548.08397139434,100548.08397139434,0.0
2021-11-15 00:00:00+00:00,150.0,,0.0,100548.08397139434,100548.08397139434,0.0
2021-11-16 00:00:00+00:00,151.0,,0.0,100548.08397139434,100548.08397139434,0.0
2021-11-17 00:00:00+00:00,153.49000549316406,SELL,0.0,100548.08397139434,100548.08397139434,0.0
2021-11-18 00:00:00+00:00,157.8699951171875,,0.0,100548.08397139434,100548.08397139434,0.0
2021-11-19 00:00:00+00:00,160.5500030517578,,0.0,100548.08397139434,100548.08397139434,0.0
2021-11-22 00:00:00+00:00,161.02000427246094,,0.0,100548.08397139434,100548.08397139434,0.0
2021-11-23 00:00:00+00:00,161.41000366210938,,0.0,100548.08397139434,100548.08397139434,0.0
2021-11-24 00:00:00+00:00,161.94000244140625,,0.0,100548.08397139434,100548.08397139434,0.0
2021-11-26 00:00:00+00:00,156.80999755859375,,0.0,100548.08397139434,100548.08397139434,0.0
2021-11-29 00:00:00+00:00,160.24000549316406,,0.0,100548.08397139434,100548.08397139434,0.0
2021-11-30 00:00:00+00:00,165.3000030517578,,0.0,100548.08397139434,100548.08397139434,0.0
2021-12-01 00:00:00+00:00,164.77000427246094,,0.0,100548.08397139434,100548.08397139434,0.0
2021-12-02 00:00:00+00:00,163.75999450683594,,0.0,100548.08397139434,100548.08397139434,0.0
2021-12-03 00:00:00+00:00,161.83999633789062,,0.0,100548.08397139434,100548.08397139434,0.0
2021-12-06 00:00:00+00:00,165.32000732421875,,0.0,100548.08397139434,100548.08397139434,0.0
2021-12-07 00:00:00+00:00,171.17999267578125,,0.0,100548.08397139434,100548.08397139434,0.0
2021-12-08 00:00:00+00:00,175.0800018310547,SELL,0.0,100548.08397139434,100548.08397139434,0.0
2021-12-09 00:00:00+00:00,174.55999755859375,,0.0,100548.08397139434,100548.08397139434,0.0
2021-12-10 00:00:00+00:00,179.4499969482422,SELL,0.0,100548.08397139434,100548.08397139434,0.0
2021-12-13 00:00:00+00:00,175.74000549316406,,0.0,100548.08397139434,100548.08397139434,0.0
2021-12-14 00:00:00+00:00,174.3300018310547,,0.0,100548.08397139434,100548.08397139434,0.0
2021-12-15 00:00:00+00:00,179.3000030517578,,0.0,100548.08397139434,100548.08397139434,0.0
2021-12-16 00:00:00+00:00,172.25999450683594,,0.0,100548.08397139434,100548.08397139434,0.0
2021-12-17 00:00:00+00:00,171.13999938964844,,0.0,100548.08397139434,100548.08397139434,0.0
2021-12-20 00:00:00+00:00,169.75,,0.0,100548.08397139434,100548.08397139434,0.0
2021-12-21 00:00:00+00:00,172.99000549316406,,0.0,100548.08397139434,100548.08397139434,0.0
2021-12-22 00:00:00+00:00,175.63999938964844,,0.0,100548.08397139434,100548.08397139434,0.0
2021-12-23 00:00:00+00:00,176.27999877929688,,0.0,100548.08397139434,100548.08397139434,0.0
2021-12-27 00:00:00+00:00,180.3300018310547,,0.0,100548.08397139434,100548.08397139434,0.0
2021-12-28 00:00:00+00:00,179.2899932861328,,0.0,100548.08397139434,100548.08397139434,0.0
2021-12-29 00:00:00+00:00,179.3800048828125,,0.0,100548.08397139434,100548.08397139434,0.0
2021-12-30 00:00:00+00:00,178.1999969482422,,0.0,100548.08397139434,100548.08397139434,0.0
2021-12-31 00:00:00+00:00,177.57000732421875,,0.0,100548.08397139434,100548.08397139434,0.0
2022-01-03 00:00:00+00:00,182.00999450683594,,0.0,100548.08397139434,100548.08397139434,0.0
2022-01-04 00:00:00+00:00,179.6999969482422,,0.0,100548.08397139434,100548.08397139434,0.0
2022-01-05 00:00:00+00:00,174.9199981689453,,0.0,100548.08397139434,100548.08397139434,0.0
2022-01-06 00:00:00+00:00,172.0,,0.0,100548.08397139434,100548.08397139434,0.0
2022-01-07 00:00:00+00:00,172.1699981689453,,0.0,100548.08397139434,100548.08397139434,0.0
2022-01-10 00:00:00+00:00,172.19000244140625,,0.0,100548.08397139434,100548.08397139434,0.0
2022-01-11 00:00:00+00:00,175.0800018310547,,0.0,100548.08397139434,100548.08397139434,0.0
2022-01-12 00:00:00+00:00,175.52999877929688,,0.0,100548.08397139434,100548.08397139434,0.0
2022-01-13 00:00:00+00:00,172.19000244140625,,0.0,100548.08397139434,100548.08397139434,0.0
2022-01-14 00:00:00+00:00,173.07000732421875,,0.0,100548.08397139434,100548.08397139434,0.0
2022-01-18 00:00:00+00:00,169.8000030517578,,0.0,100548.08397139434,100548.08397139434,0.0
2022-01-19 00:00:00+00:00,166.22999572753906,BUY,2008.9527267011858,98536.12229196646,100545.07501866765,-2.992551034142199e-05
2022-01-20 00:00:00+00:00,164.50999450683594,,1988.1658577180178,98536.12229196646,100524.28814968448,-0.00020674179197044396
2022-01-21 00:00:00+00:00,162.41000366210938,,1962.7866695931755,98536.12229196646,100498.90896155963,-0.0002524682202877937
2022-01-24 00:00:00+00:00,161.6199951171875,,1953.2391158349515,98536.12229196646,100489.3614078014,-9.500156625452671e-05
2022-01-25 00:00:00+00:00,159.77999877929688,,1931.002060218441,98536.12229196646,100467.1243521849,-0.00022128765975804043
2022-01-26 00:00:00+00:00,159.69000244140625,,1929.9144202434343,98536.12229196646,100466.0367122099,-1.0825829663274611e-05
2022-01-27 00:00:00+00:00,159.22000122070312,,1924.2342767184832,98536.12229196646,100460.35656868495,-5.6537947657142595e-05
2022-01-28 00:00:00+00:00,170.3300018310547,,2058.5028599674447,98536.12229196646,100594.6251519339,0.0013365330149623933
2022-01-31 00:00:00+00:00,174.77999877929688,,2112.2827657170424,98536.12229196646,100648.4050576835,0.0005346200720801608
2022-02-01 00:00:00+00:00,174.61000061035156,,2110.228273183717,98536.12229196646,100646.35056515018,-2.0412569202155062e-05
2022-02-02 00:00:00+00:00,175.83999633789062,,2125.093239400287,98536.12229196646,100661.21553136675,0.0001476950344756478
2022-02-03 00:00:00+00:00,172.89999389648438,,2089.562191617238,98536.12229196646,100625.6844835837,-0.00035297654211197127
2022-02-04 00:00:00+00:00,172.38999938964844,,2083.398714017263,98536.12229196646,100619.52100598373,-6.125153465141864e-05
2022-02-07 00:00:00+00:00,171.66000366210938,,2074.5764379839798,98536.12229196646,100610.69872995044,-8.767956699740065e-05
2022-02-08 00:00:00+00:00,174.8300018310547,,2112.887071617025,98536.12229196646,100649.00936358348,0.00038078091213611387
2022-02-09 00:00:00+00:00,176.27999877929688,,2130.4108362669026,98536.12229196646,100666.53312823336,0.00017410767140879635
2022-02-10 00:00:00+00:00,172.1199951171875,,2080.1356096839727,98536.12229196646,100616.25790165043,-0.0004994234431306976
2022-02-11 00:00:00+00:00,168.63999938964844,,2038.0785376426124,98536.12229196646,100574.20082960906,-0.00041799479446424925
2022-02-14 00:00:00+00:00,168.8800048828125,,2040.9790953175673,98536.12229196646,100577.10138728403,2.8839977360251012e-05
2022-02-15 00:00:00+00:00,172.7899932861328,,2088.2327924005845,98536.12229196646,100624.35508436704,0.00046982560077024615
2022-02-16 00:00:00+00:00,172.5500030517578,,2085.3324191338993,98536.12229196646,100621.45471110036,-2.8823769993246984e-05
2022-02-17 00:00:00+00:00,168.8800048828125,,2040.9790953175673,98536.12229196646,100577.10138728403,-0.0004407939036826791
2022-02-18 00:00:00+00:00,167.3000030517578,,2021.884172209389,98536.12229196646,100558.00646417585,-0.0001898535834180537
2022-02-22 00:00:00+00:00,164.32000732421875,,1985.8697903513155,98536.12229196646,100521.99208231777,-0.000358145344407923
2022-02-23 00:00:00+00:00,160.07000732421875,,1934.5069237933785,98536.12229196646,100470.62921575984,-0.0005109614870730805
2022-02-24 00:00:00+00:00,162.74000549316406,,1966.7748672431371,98536.12229196646,100502.89715920959,0.0003211679244135013
2022-02-25 00:00:00+00:00,164.85000610351562,,1992.2750271929378,98536.12229196646,100528.3973191594,0.00025372562056014125
2022-02-28 00:00:00+00:00,165.1199951171875,,1995.5379471179585,98536.12229196646,100531.66023908442,3.2457693666998466e-05
2022-03-01 00:00:00+00:00,163.1999969482422,,1972.3340389431298,98536.12229196646,100508.45633090958,-0.0002308119464022873
2022-03-02 00:00:00+00:00,166.55999755859375,,2012.9409243511473,98536.12229196646,100549.0632163176,0.0004040146161863323
2022-03-03 00:00:00+00:00,166.22999572753906,,2008.9527267011858,98536.12229196646,100545.07501866765,-3.96641949947929e-05
2022-03-04 00:00:00+00:00,163.1699981689453,,1971.9714922847943,98536.12229196646,100508.09378425125,-0.000367807517270502
2022-03-07 00:00:00+00:00,159.3000030517578,,1925.2011292768013,98536.12229196646,100461.32342124326,-0.000465339270172449
2022-03-08 00:00:00+00:00,157.44000244140625,,1902.722314418644,98536.12229196646,100438.8446063851,-0.0002237559101615494
2022-03-09 00:00:00+00:00,162.9499969482422,,1969.3126938514865,98536.12229196646,100505.43498581795,0.000662994279691409
2022-03-10 00:00:00+00:00,158.52000427246094,,1915.7745473435357,98536.12229196646,100451.89683931,-0.0005326890681633945
2022-03-11 00:00:00+00:00,154.72999572753906,BUY,3838.7245446327734,96564.39984612713,100403.1243907599,-0.0004855303890191065
2022-03-14 00:00:00+00:00,150.6199951171875,,3736.7587936015775,96564.39984612713,100301.1586397287,-0.001015563526034824
2022-03-15 00:00:00+00:00,155.08999633789062,,3847.655865108428,96564.39984612713,100412.05571123556,0.001105640981727607
2022-03-16 00:00:00+00:00,159.58999633789062,,3959.297181775077,96564.39984612713,100523.6970279022,0.0011118318002343308
2022-03-17 00:00:00+00:00,160.6199951171875,,3984.8506084163537,96564.39984612713,100549.25045454348,0.00025420301278988866
2022-03-18 00:00:00+00:00,163.97999572753906,,4068.209473336441,96564.39984612713,100632.60931946356,0.0008290351697626264
2022-03-21 00:00:00+00:00,165.3800048828125,,4102.9425545453505,96564.39984612713,100667.34240067248,0.00034514737761259795
2022-03-22 00:00:00+00:00,168.82000732421875,,4188.2861994109235,96564.39984612713,100752.68604553805,0.0008477788608531878
2022-03-23 00:00:00+00:00,170.2100067138672,,4222.770946527855,96564.39984612713,100787.17079265499,0.000342271243283232
2022-03-24 00:00:00+00:00,174.07000732421875,SELL,0.0,100877.61571391362,100877.61571391362,0.0008973852579381436
2022-03-25 00:00:00+00:00,174.72000122070312,,0.0,100877.61571391362,100877.61571391362,0.0
2022-03-28 00:00:00+00:00,175.60000610351562,,0.0,100877.61571391362,100877.61571391362,0.0
2022-03-29 00:00:00+00:00,178.9600067138672,,0.0,100877.61571391362,100877.61571391362,0.0
2022-03-30 00:00:00+00:00,177.77000427246094,,0.0,100877.61571391362,100877.61571391362,0.0
2022-03-31 00:00:00+00:00,174.61000061035156,,0.0,100877.61571391362,100877.61571391362,0.0
2022-04-01 00:00:00+00:00,174.30999755859375,,0.0,100877.61571391362,100877.61571391362,0.0
2022-04-04 00:00:00+00:00,178.44000244140625,,0.0,100877.61571391362,100877.61571391362,0.0
2022-04-05 00:00:00+00:00,175.05999755859375,,0.0,100877.61571391362,100877.61571391362,0.0
2022-04-06 00:00:00+00:00,171.8300018310547,,0.0,100877.61571391362,100877.61571391362,0.0
2022-04-07 00:00:00+00:00,172.13999938964844,,0.0,100877.61571391362,100877.61571391362,0.0
2022-04-08 00:00:00+00:00,170.08999633789062,,0.0,100877.61571391362,100877.61571391362,0.0
2022-04-11 00:00:00+00:00,165.75,,0.0,100877.61571391362,100877.61571391362,0.0
2022-04-12 00:00:00+00:00,167.66000366210938,,0.0,100877.61571391362,100877.61571391362,0.0
2022-04-13 00:00:00+00:00,170.39999389648438,,0.0,100877.61571391362,100877.61571391362,0.0
2022-04-14 00:00:00+00:00,165.2899932861328,,0.0,100877.61571391362,100877.61571391362,0.0
2022-04-18 00:00:00+00:00,165.07000732421875,,0.0,100877.61571391362,100877.61571391362,0.0
2022-04-19 00:00:00+00:00,167.39999389648438,,0.0,100877.61571391362,100877.61571391362,0.0
2022-04-20 00:00:00+00:00,167.22999572753906,,0.0,100877.61571391362,100877.61571391362,0.0
2022-04-21 00:00:00+00:00,166.4199981689453,,0.0,100877.61571391362,100877.61571391362,0.0
2022-04-22 00:00:00+00:00,161.7899932861328,,0.0,100877.61571391362,100877.61571391362,0.0
2022-04-25 00:00:00+00:00,162.8800048828125,,0.0,100877.61571391362,100877.61571391362,0.0
2022-04-26 00:00:00+00:00,156.8000030517578,BUY,2015.5367775007721,98859.06339963534,100874.60017713612,-2.9893021917248852e-05
2022-04-27 00:00:00+00:00,156.57000732421875,,2012.580369091966,98859.06339963534,100871.64376872731,-2.9307758381280635e-05
2022-04-28 00:00:00+00:00,163.63999938964844,,2103.459378959131,98859.06339963534,100962.52277859447,0.000900937136263158
2022-04-29 00:00:00+00:00,157.64999389648438,,2026.4627199417287,98859.06339963534,100885.52611957707,-0.0007626261398623324
2022-05-02 00:00:00+00:00,157.9600067138672,,2030.4476830971532,98859.06339963534,100889.5110827325,3.949985006479473e-05
2022-05-03 00:00:00+00:00,159.47999572753906,,2049.9859082172225,98859.06339963534,100909.04930785256,0.00019365962735262698
2022-05-04 00:00:00+00:00,166.02000427246094,,2134.052410072508,98859.06339963534,100993.11580970784,0.0008330918032812828
2022-05-05 00:00:00+00:00,156.77000427246094,,2015.1511675404647,98859.06339963534,100874.2145671758,-0.0011773202715724684
2022-05-06 00:00:00+00:00,157.27999877929688,,2021.7067330050388,98859.06339963534,100880.77013264038,6.49875242419995e-05
2022-05-09 00:00:00+00:00,152.05999755859375,BUY,3929.8139158914496,96880.88213164263,100810.69604753409,-0.0006946228207234117
2022-05-10 00:00:00+00:00,154.50999450683594,,3993.131239682565,96880.88213164263,100874.0133713252,0.0006280814067711749
2022-05-11 00:00:00+00:00,146.5,BUY,5721.804201376901,94942.26448900979,100664.06869038669,-0.002081256350589422
2022-05-12 00:00:00+00:00,142.55999755859375,,5567.9207711880035,94942.26448900979,100510.18526019779,-0.0015286827980518503
2022-05-13 00:00:00+00:00,147.11000061035156,,5745.628802435959,94942.26448900979,100687.89329144574,0.0017680599313185663
2022-05-16 00:00:00+00:00,145.5399932861328,,5684.309522545806,94942.26448900979,100626.5740115556,-0.00060900350464832
2022-05-17 00:00:00+00:00,149.24000549316406,,5828.819729995208,94942.26448900979,100771.08421900499,0.0014361038211714305
2022-05-18 00:00:00+00:00,140.82000732421875,,5499.962522495842,94942.26448900979,100442.22701150563,-0.003263408447453542
2022-05-19 00:00:00+00:00,137.35000610351562,BUY,7261.384122887486,93042.4191992296,100303.80332211708,-0.0013781423760417244
2022-05-20 00:00:00+00:00,137.58999633789062,,7274.07186369636,93042.4191992296,100316.49106292595,0.0001264931177946682
2022-05-23 00:00:00+00:00,143.11000061035156,,7565.902002765374,93042.4191992296,100608.32120199497,0.0029090943670064817
2022-05-24 00:00:00+00:00,140.36000061035156,,7420.5157235475135,93042.4191992296,100462.93492277712,-0.001445072112136292
2022-05-25 00:00:00+00:00,140.52000427246094,,7428.974755218537,93042.4191992296,100471.39395444814,8.420052308366621e-05
2022-05-26 00:00:00+00:00,143.77999877929688,,7601.323290352916,93042.4191992296,100643.74248958251,0.0017153990638620886
2022-05-27 00:00:00+00:00,149.63999938964844,,7911.1282666996085,93042.4191992296,100953.54746592921,0.0030782338641546225
2022-05-31 00:00:00+00:00,148.83999633789062,,7868.833915042153,93042.4191992296,100911.25311427175,-0.0004189486424113209
2022-06-01 00:00:00+00:00,148.7100067138672,,7861.9616576699,93042.4191992296,100904.3808568995,-6.810199219764446e-05
2022-06-02 00:00:00+00:00,151.2100067138672,,7994.13100241341,93042.4191992296,101036.55020164301,0.0013098474379515945
2022-06-03 00:00:00+00:00,145.3800048828125,,7685.911993667826,93042.4191992296,100728.33119289743,-0.003050569404145831
2022-06-06 00:00:00+00:00,146.13999938964844,,7726.091184058695,93042.4191992296,100768.51038328829,0.0003988866877375763
2022-06-07 00:00:00+00:00,148.7100067138672,,7861.9616576699,93042.4191992296,100904.3808568995,0.0013483425833566987
2022-06-08 00:00:00+00:00,147.9600067138672,,7822.310854246847,93042.4191992296,100864.73005347644,-0.0003929542313856338
2022-06-09 00:00:00+00:00,142.63999938964844,,7541.054101417782,93042.4191992296,100583.47330064738,-0.002788454920564787
2022-06-10 00:00:00+00:00,137.1300048828125,,7249.753156014244,93042.4191992296,100292.17235524383,-0.002896111417159397
2022-06-13 00:00:00+00:00,131.8800048828125,BUY,8831.186926642877,91180.57081524501,100011.75774188788,-0.0027959770615267887
2022-06-14 00:00:00+00:00,132.75999450683594,,8890.114380203126,91180.57081524501,100070.68519544814,0.000589205258369141
2022-06-15 00:00:00+00:00,135.42999267578125,,9068.907616863244,91180.57081524501,100249.47843210826,0.0017866694558044127
2022-06-16 00:00:00+00:00,130.05999755859375,,8709.31231113678,91180.57081524501,99889.88312638178,-0.003587004255288906
2022-06-17 00:00:00+00:00,131.55999755859375,,8809.75801859437,91180.57081524501,99990.32883383938,0.0010055643706230466
2022-06-21 00:00:00+00:00,135.8699951171875,,9098.371854536654,91180.57081524501,100278.94266978167,0.002886417509656347
2022-06-22 00:00:00+00:00,135.35000610351562,,9063.55141163769,91180.57081524501,100244.1222268827,-0.00034723584006701724
2022-06-23 00:00:00+00:00,138.27000427246094,,9259.08559954074,91180.57081524501,100439.65641478574,0.0019505800795032169
2022-06-24 00:00:00+00:00,141.66000366210938,,9486.092857523428,91180.57081524501,100666.66367276844,0.0022601357480278583
2022-06-27 00:00:00+00:00,141.66000366210938,,9486.092857523428,91180.57081524501,100666.66367276844,0.0
2022-06-28 00:00:00+00:00,137.44000244140625,,9203.505518799819,91180.57081524501,100384.07633404483,-0.0028071590774300104
2022-06-29 00:00:00+00:00,139.22999572753906,,9323.370280113115,91180.57081524501,100503.94109535812,0.001194061505476407
2022-06-30 00:00:00+00:00,136.72000122070312,,9155.29149747725,91180.57081524501,100335.86231272225,-0.001672360116469429
2022-07-01 00:00:00+00:00,138.92999267578125,,9303.280934264283,91180.57081524501,100483.8517495093,0.001474940598265917
2022-07-05 00:00:00+00:00,141.55999755859375,,9479.396068311626,91180.57081524501,100659.96688355664,0.0017526710111230859
2022-07-06 00:00:00+00:00,142.9199981689453,,9570.466883944635,91180.57081524501,100751.03769918965,0.0009047371904895574
2022-07-07 00:00:00+00:00,146.35000610351562,,9800.153266326673,91180.57081524501,100980.72408157168,0.0022797421011959695
2022-07-08 00:00:00+00:00,147.0399932861328,,9846.35743345644,91180.57081524501,101026.92824870144,0.00045755432583782785
2022-07-11 00:00:00+00:00,144.8699951171875,,9701.046099282185,91180.57081524501,100881.6169145272,-0.001438342595318054
2022-07-12 00:00:00+00:00,145.86000061035156,,9767.34063404736,91180.57081524501,100947.91144929237,0.0006571517863491749
2022-07-13 00:00:00+00:00,145.49000549316406,,9742.564353179525,91180.57081524501,100923.13516842453,-0.0002454362899848572
2022-07-14 00:00:00+00:00,148.47000122070312,,9942.116205895027,91180.57081524501,101122.68702114004,0.001977265692177488
2022-07-15 00:00:00+00:00,150.1699981689453,,10055.954469989645,91180.57081524501,101236.52528523466,0.0011257440585101808
2022-07-18 00:00:00+00:00,147.07000732421875,,9848.367287649242,91180.57081524501,101028.93810289426,-0.0020505166663467023
2022-07-19 00:00:00+00:00,151.0,,10111.534550730566,91180.57081524501,101292.10536597557,0.0026048701295195986
2022-07-20 00:00:00+00:00,153.0399932861328,,10248.140263286794,91180.57081524501,101428.71107853181,0.0013486313870432198
2022-07-21 00:00:00+00:00,155.35000610351562,SELL,0.0,101571.99549880614,101571.99549880614,0.001412661353483946
2022-07-22 00:00:00+00:00,154.08999633789062,,0.0,101571.99549880614,101571.99549880614,0.0
2022-07-25 00:00:00+00:00,152.9499969482422,,0.0,101571.99549880614,101571.99549880614,0.0
2022-07-26 00:00:00+00:00,151.60000610351562,,0.0,101571.99549880614,101571.99549880614,0.0
2022-07-27 00:00:00+00:00,156.7899932861328,,0.0,101571.99549880614,101571.99549880614,0.0
2022-07-28 00:00:00+00:00,157.35000610351562,,0.0,101571.99549880614,101571.99549880614,0.0
2022-07-29 00:00:00+00:00,162.50999450683594,SELL,0.0,101571.99549880614,101571.99549880614,0.0
2022-08-01 00:00:00+00:00,161.50999450683594,,0.0,101571.99549880614,101571.99549880614,0.0
2022-08-02 00:00:00+00:00,160.00999450683594,,0.0,101571.99549880614,101571.99549880614,0.0
2022-08-03 00:00:00+00:00,166.1300048828125,SELL,0.0,101571.99549880614,101571.99549880614,0.0
2022-08-04 00:00:00+00:00,165.80999755859375,,0.0,101571.99549880614,101571.99549880614,0.0
2022-08-05 00:00:00+00:00,165.35000610351562,,0.0,101571.99549880614,101571.99549880614,0.0
2022-08-08 00:00:00+00:00,164.8699951171875,,0.0,101571.99549880614,101571.99549880614,0.0
2022-08-09 00:00:00+00:00,164.9199981689453,,0.0,101571.99549880614,101571.99549880614,0.0
2022-08-10 00:00:00+00:00,169.24000549316406,,0.0,101571.99549880614,101571.99549880614,0.0
2022-08-11 00:00:00+00:00,168.49000549316406,,0.0,101571.99549880614,101571.99549880614,0.0
2022-08-12 00:00:00+00:00,172.10000610351562,,0.0,101571.99549880614,101571.99549880614,0.0
2022-08-15 00:00:00+00:00,173.19000244140625,,0.0,101571.99549880614,101571.99549880614,0.0
2022-08-16 00:00:00+00:00,173.02999877929688,,0.0,101571.99549880614,101571.99549880614,0.0
2022-08-17 00:00:00+00:00,174.5500030517578,,0.0,101571.99549880614,101571.99549880614,0.0
2022-08-18 00:00:00+00:00,174.14999389648438,,0.0,101571.99549880614,101571.99549880614,0.0
2022-08-19 00:00:00+00:00,171.52000427246094,,0.0,101571.99549880614,101571.99549880614,0.0
2022-08-22 00:00:00+00:00,167.57000732421875,,0.0,101571.99549880614,101571.99549880614,0.0
2022-08-23 00:00:00+00:00,167.22999572753906,,0.0,101571.99549880614,101571.99549880614,0.0
2022-08-24 00:00:00+00:00,167.52999877929688,,0.0,101571.99549880614,101571.99549880614,0.0
2022-08-25 00:00:00+00:00,170.02999877929688,,0.0,101571.99549880614,101571.99549880614,0.0
2022-08-26 00:00:00+00:00,163.6199951171875,,0.0,101571.99549880614,101571.99549880614,0.0
2022-08-29 00:00:00+00:00,161.3800048828125,,0.0,101571.99549880614,101571.99549880614,0.0
2022-08-30 00:00:00+00:00,158.91000366210938,BUY,2029.4104994766465,99539.55558883002,101568.96608830667,-2.982525335448738e-05
2022-08-31 00:00:00+00:00,157.22000122070312,,2007.8277883842497,99539.55558883002,101547.38337721427,-0.00021249316522164996
2022-09-01 00:00:00+00:00,157.9600067138672,,2017.2782627589831,99539.55558883002,101556.83385158899,9.306467641434502e-05
2022-09-02 00:00:00+00:00,155.80999755859375,,1989.8208903272234,99539.55558883002,101529.37647915723,-0.0002703645967526702
2022-09-06 00:00:00+00:00,154.52999877929688,,1973.474260774903,99539.55558883002,101513.02984960492,-0.00016100393914730837
2022-09-07 00:00:00+00:00,155.9600067138672,,1991.736629725083,99539.55558883002,101531.2922185551,0.00017990172273685268
2022-09-08 00:00:00+00:00,154.4600067138672,,1972.5804049496583,99539.55558883002,101512.13599377967,-0.00018867311108572427
2022-09-09 00:00:00+00:00,157.3699951171875,,2009.7433329149142,99539.55558883002,101549.29892174494,0.00036609344884186434
2022-09-12 00:00:00+00:00,163.42999267578125,,2087.1344498288795,99539.55558883002,101626.6900386589,0.0007621039016094677
2022-09-13 00:00:00+00:00,153.83999633789062,,1964.6623661994563,99539.55558883002,101504.21795502947,-0.0012051173130094295
2022-09-14 00:00:00+00:00,155.30999755859375,,1983.4354820687483,99539.55558883002,101522.99107089876,0.00018494912081012949
2022-09-15 00:00:00+00:00,152.3699951171875,,1945.8892503301643,99539.55558883002,101485.44483916018,-0.00036982984191591406
2022-09-16 00:00:00+00:00,150.6999969482422,,1924.5620101309212,99539.55558883002,101464.11759896093,-0.0002101507288364557
2022-09-19 00:00:00+00:00,154.47999572753906,,1972.8356809756165,99539.55558883002,101512.39126980564,0.00047577086350369946
2022-09-20 00:00:00+00:00,156.89999389648438,,2003.741033562572,99539.55558883002,101543.29662239259,0.00030444906479254463
2022-09-21 00:00:00+00:00,153.72000122070312,,1963.1299305749249,99539.55558883002,101502.68551940494,-0.00039993878806854344
2022-09-22 00:00:00+00:00,152.74000549316406,,1950.6145849511286,99539.55558883002,101490.17017378114,-0.00012330063544385705
2022-09-23 00:00:00+00:00,150.42999267578125,,1921.11383510853,99539.55558883002,101460.66942393854,-0.0002906759323793029
2022-09-26 00:00:00+00:00,150.77000427246094,,1925.4560608233614,99539.55558883002,101465.01164965337,4.279713251920114e-05
2022-09-27 00:00:00+00:00,151.75999450683594,,1938.099044460137,99539.55558883002,101477.65463329015,0.00012460436786265738
2022-09-28 00:00:00+00:00,149.83999633789062,,1913.5791001316566,99539.55558883002,101453.13468896167,-0.00024162900115387576
2022-09-29 00:00:00+00:00,142.47999572753906,BUY,3808.3881922393502,97547.76447705341,101356.15266929276,-0.000955929257052901
2022-09-30 00:00:00+00:00,138.1999969482422,,3693.986891687356,97547.76447705341,101241.75136874076,-0.001128706028584836
2022-10-03 00:00:00+00:00,142.4499969482422,,3807.586346364268,97547.76447705341,101355.35082341768,0.0011220613347864283
2022-10-04 00:00:00+00:00,146.10000610351562,,3905.1484756830446,97547.76447705341,101452.91295273646,0.0009625750246649023
2022-10-05 00:00:00+00:00,146.39999389648438,,3913.166934433864,97547.76447705341,101460.93141148727,7.903625945715476e-05
2022-10-06 00:00:00+00:00,145.42999267578125,,3887.2394968555545,97547.76447705341,101435.00397390897,-0.0002555410956474047
2022-10-07 00:00:00+00:00,140.08999633789062,,3744.505221100005,97547.76447705341,101292.26969815341,-0.0014071500977342888
2022-10-10 00:00:00+00:00,140.4199981689453,,3753.325933582404,97547.76447705341,101301.0904106358,8.708179319794063e-05
2022-10-11 00:00:00+00:00,138.97999572753906,,3714.8357001524814,97547.76447705341,101262.6001772059,-0.0003799587277282246
2022-10-12 00:00:00+00:00,138.33999633789062,,3697.728975056571,97547.76447705341,101245.49345210998,-0.00016893428636022279
2022-10-13 00:00:00+00:00,142.99000549316406,,3822.0203878287384,97547.76447705341,101369.78486488215,0.0012276241493254236
2022-10-14 00:00:00+00:00,138.3800048828125,,3698.7983747943454,97547.76447705341,101246.56285184776,-0.0012155694440768583
2022-10-17 00:00:00+00:00,142.41000366210938,,3806.517354482992,97547.76447705341,101354.2818315364,0.0010639272747092754
2022-10-18 00:00:00+00:00,143.75,,3842.3344964249764,97547.76447705341,101390.09897347838,0.00035338558267827835
2022-10-19 00:00:00+00:00,143.86000061035156,,3845.274733919109,97547.76447705341,101393.03921097252,2.8999256573403187e-05
2022-10-20 00:00:00+00:00,143.38999938964844,,3832.711938067496,97547.76447705341,101380.47641512091,-0.000123901955690231
2022-10-21 00:00:00+00:00,147.27000427246094,,3936.4216883807326,97547.76447705341,101484.18616543415,0.0010229755667017226
2022-10-24 00:00:00+00:00,149.4499969482422,,3994.6913305380062,97547.76447705341,101542.45580759141,0.0005741746015706095
2022-10-25 00:00:00+00:00,152.33999633789062,SELL,0.0,101614.63148151405,101614.63148151405,0.0007107930702345833
2022-10-26 00:00:00+00:00,149.35000610351562,,0.0,101614.63148151405,101614.63148151405,0.0
2022-10-27 00:00:00+00:00,144.8000030517578,,0.0,101614.63148151405,101614.63148151405,0.0
2022-10-28 00:00:00+00:00,155.74000549316406,SELL,0.0,101614.63148151405,101614.63148151405,0.0
2022-10-31 00:00:00+00:00,153.33999633789062,,0.0,101614.63148151405,101614.63148151405,0.0
2022-11-01 00:00:00+00:00,150.64999389648438,,0.0,101614.63148151405,101614.63148151405,0.0
2022-11-02 00:00:00+00:00,145.02999877929688,,0.0,101614.63148151405,101614.63148151405,0.0
2022-11-03 00:00:00+00:00,138.8800048828125,,0.0,101614.63148151405,101614.63148151405,0.0
2022-11-04 00:00:00+00:00,138.3800048828125,,0.0,101614.63148151405,101614.63148151405,0.0
2022-11-07 00:00:00+00:00,138.9199981689453,,0.0,101614.63148151405,101614.63148151405,0.0
2022-11-08 00:00:00+00:00,139.5,,0.0,101614.63148151405,101614.63148151405,0.0
2022-11-09 00:00:00+00:00,134.8699951171875,,0.0,101614.63148151405,101614.63148151405,0.0
2022-11-10 00:00:00+00:00,146.8699951171875,,0.0,101614.63148151405,101614.63148151405,0.0
2022-11-11 00:00:00+00:00,149.6999969482422,,0.0,101614.63148151405,101614.63148151405,0.0
2022-11-14 00:00:00+00:00,148.27999877929688,,0.0,101614.63148151405,101614.63148151405,0.0
2022-11-15 00:00:00+00:00,150.0399932861328,,0.0,101614.63148151405,101614.63148151405,0.0
2022-11-16 00:00:00+00:00,148.7899932861328,,0.0,101614.63148151405,101614.63148151405,0.0
2022-11-17 00:00:00+00:00,150.72000122070312,,0.0,101614.63148151405,101614.63148151405,0.0
2022-11-18 00:00:00+00:00,151.2899932861328,,0.0,101614.63148151405,101614.63148151405,0.0
2022-11-21 00:00:00+00:00,148.00999450683594,,0.0,101614.63148151405,101614.63148151405,0.0
2022-11-22 00:00:00+00:00,150.17999267578125,,0.0,101614.63148151405,101614.63148151405,0.0
2022-11-23 00:00:00+00:00,151.07000732421875,,0.0,101614.63148151405,101614.63148151405,0.0
2022-11-25 00:00:00+00:00,148.11000061035156,,0.0,101614.63148151405,101614.63148151405,0.0
2022-11-28 00:00:00+00:00,144.22000122070312,,0.0,101614.63148151405,101614.63148151405,0.0
2022-11-29 00:00:00+00:00,141.1699981689453,,0.0,101614.63148151405,101614.63148151405,0.0
2022-11-30 00:00:00+00:00,148.02999877929688,,0.0,101614.63148151405,101614.63148151405,0.0
2022-12-01 00:00:00+00:00,148.30999755859375,,0.0,101614.63148151405,101614.63148151405,0.0
2022-12-02 00:00:00+00:00,147.80999755859375,,0.0,101614.63148151405,101614.63148151405,0.0
2022-12-05 00:00:00+00:00,146.6300048828125,,0.0,101614.63148151405,101614.63148151405,0.0
2022-12-06 00:00:00+00:00,142.91000366210938,,0.0,101614.63148151405,101614.63148151405,0.0
2022-12-07 00:00:00+00:00,140.94000244140625,,0.0,101614.63148151405,101614.63148151405,0.0
2022-12-08 00:00:00+00:00,142.64999389648438,,0.0,101614.63148151405,101614.63148151405,0.0
2022-12-09 00:00:00+00:00,142.16000366210938,,0.0,101614.63148151405,101614.63148151405,0.0
2022-12-12 00:00:00+00:00,144.49000549316406,,0.0,101614.63148151405,101614.63148151405,0.0
2022-12-13 00:00:00+00:00,145.47000122070312,,0.0,101614.63148151405,101614.63148151405,0.0
2022-12-14 00:00:00+00:00,143.2100067138672,,0.0,101614.63148151405,101614.63148151405,0.0
2022-12-15 00:00:00+00:00,136.5,BUY,2030.2623672630184,99581.33885188377,101611.60121914679,-2.9821122441542336e-05
2022-12-16 00:00:00+00:00,134.50999450683594,,2000.6635887764419,99581.33885188377,101582.00244066022,-0.0002912932985155159
2022-12-19 00:00:00+00:00,132.3699951171875,,1968.8338435253866,99581.33885188377,101550.17269540916,-0.0003133403997391815
2022-12-20 00:00:00+00:00,132.3000030517578,,1967.7928013535998,99581.33885188377,101549.13165323737,-1.0251505676017736e-05
2022-12-21 00:00:00+00:00,135.4499969482422,,2014.6449190469361,99581.33885188377,101595.98377093072,0.0004613738879948315
2022-12-22 00:00:00+00:00,132.22999572753906,,1966.751532226903,99581.33885188377,101548.09038411068,-0.0004714102373183371
2022-12-23 00:00:00+00:00,131.86000061035156,,1961.2483295712484,99581.33885188377,101542.58718145502,-5.419306886855768e-05
2022-12-27 00:00:00+00:00,130.02999877929688,,1934.0294002700562,99581.33885188377,101515.36825215383,-0.0002680543214105269
2022-12-28 00:00:00+00:00,126.04000091552734,,1874.6833013083628,99581.33885188377,101456.02215319214,-0.0005846021147682956
2022-12-29 00:00:00+00:00,129.61000061035156,,1927.7824663746053,99581.33885188377,101509.12131825837,0.0005233712493286635
2022-12-30 00:00:00+00:00,129.92999267578125,,1932.5419377904636,99581.33885188377,101513.88078967424,4.688713047706905e-05
2023-01-03 00:00:00+00:00,125.06999969482422,,1860.2557776849728,99581.33885188377,101441.59462956875,-0.0007120815354824117
2023-01-04 00:00:00+00:00,126.36000061035156,,1879.4428862016762,99581.33885188377,101460.78173808545,0.00018914438980166537
2023-01-05 00:00:00+00:00,125.0199966430664,,1859.5120464451766,99581.33885188377,101440.85089832895,-0.00019643885464981636
2023-01-06 00:00:00+00:00,129.6199951171875,,1927.9311218406006,99581.33885188377,101509.26997372438,0.0006744726093041997
2023-01-09 00:00:00+00:00,130.14999389648438,,1935.8141736816392,99581.33885188377,101517.1530255654,7.765844285034795e-05
2023-01-10 00:00:00+00:00,130.72999572753906,,1944.4409567624741,99581.33885188377,101525.77980864624,8.497857577483003e-05
2023-01-11 00:00:00+00:00,133.49000549316406,,1985.4925608681656,99581.33885188377,101566.83141275194,0.0004043466022429776
2023-01-12 00:00:00+00:00,133.41000366210938,,1984.3026362754733,99581.33885188377,101565.64148815925,-1.1715680957480323e-05
2023-01-13 00:00:00+00:00,134.75999450683594,,2004.3820180205134,99581.33885188377,101585.72086990428,0.0001976985666689579
2023-01-17 00:00:00+00:00,135.94000244140625,,2021.9331220690838,99581.33885188377,101603.27197395285,0.00017277136883286914
2023-01-18 00:00:00+00:00,135.2100067138672,,2011.07537222377,99581.33885188377,101592.41422410755,-0.00010686417508376511
2023-01-19 00:00:00+00:00,135.27000427246094,,2011.9677589295616,99581.33885188377,101593.30661081334,8.783989558613925e-06
2023-01-20 00:00:00+00:00,137.8699951171875,,2050.639286894959,99581.33885188377,101631.97813877874,0.00038065035242484946
2023-01-23 00:00:00+00:00,141.11000061035156,SELL,0.0,101677.07023327406,101677.07023327406,0.00044368018138696286
2023-01-24 00:00:00+00:00,142.52999877929688,,0.0,101677.07023327406,101677.07023327406,0.0
2023-01-25 00:00:00+00:00,141.86000061035156,,0.0,101677.07023327406,101677.07023327406,0.0
2023-01-26 00:00:00+00:00,143.9600067138672,,0.0,101677.07023327406,101677.07023327406,0.0
2023-01-27 00:00:00+00:00,145.92999267578125,,0.0,101677.07023327406,101677.07023327406,0.0
2023-01-30 00:00:00+00:00,143.0,,0.0,101677.07023327406,101677.07023327406,0.0
2023-01-31 00:00:00+00:00,144.2899932861328,,0.0,101677.07023327406,101677.07023327406,0.0
2023-02-01 00:00:00+00:00,145.42999267578125,,0.0,101677.07023327406,101677.07023327406,0.0
2023-02-02 00:00:00+00:00,150.82000732421875,,0.0,101677.07023327406,101677.07023327406,0.0
2023-02-03 00:00:00+00:00,154.5,SELL,0.0,101677.07023327406,101677.07023327406,0.0
2023-02-06 00:00:00+00:00,151.72999572753906,,0.0,101677.07023327406,101677.07023327406,0.0
2023-02-07 00:00:00+00:00,154.64999389648438,,0.0,101677.07023327406,101677.07023327406,0.0
2023-02-08 00:00:00+00:00,151.9199981689453,,0.0,101677.07023327406,101677.07023327406,0.0
2023-02-09 00:00:00+00:00,150.8699951171875,,0.0,101677.07023327406,101677.07023327406,0.0
2023-02-10 00:00:00+00:00,151.00999450683594,,0.0,101677.07023327406,101677.07023327406,0.0
2023-02-13 00:00:00+00:00,153.85000610351562,,0.0,101677.07023327406,101677.07023327406,0.0
2023-02-14 00:00:00+00:00,153.1999969482422,,0.0,101677.07023327406,101677.07023327406,0.0
2023-02-15 00:00:00+00:00,155.3300018310547,,0.0,101677.07023327406,101677.07023327406,0.0
2023-02-16 00:00:00+00:00,153.7100067138672,,0.0,101677.07023327406,101677.07023327406,0.0
2023-02-17 00:00:00+00:00,152.5500030517578,,0.0,101677.07023327406,101677.07023327406,0.0
2023-02-21 00:00:00+00:00,148.47999572753906,,0.0,101677.07023327406,101677.07023327406,0.0
2023-02-22 00:00:00+00:00,148.91000366210938,,0.0,101677.07023327406,101677.07023327406,0.0
2023-02-23 00:00:00+00:00,149.39999389648438,,0.0,101677.07023327406,101677.07023327406,0.0
2023-02-24 00:00:00+00:00,146.7100067138672,,0.0,101677.07023327406,101677.07023327406,0.0
2023-02-27 00:00:00+00:00,147.9199981689453,,0.0,101677.07023327406,101677.07023327406,0.0
2023-02-28 00:00:00+00:00,147.41000366210938,,0.0,101677.07023327406,101677.07023327406,0.0
2023-03-01 00:00:00+00:00,145.30999755859375,,0.0,101677.07023327406,101677.07023327406,0.0
2023-03-02 00:00:00+00:00,145.91000366210938,,0.0,101677.07023327406,101677.07023327406,0.0
2023-03-03 00:00:00+00:00,151.02999877929688,,0.0,101677.07023327406,101677.07023327406,0.0
2023-03-06 00:00:00+00:00,153.8300018310547,,0.0,101677.07023327406,101677.07023327406,0.0
2023-03-07 00:00:00+00:00,151.60000610351562,,0.0,101677.07023327406,101677.07023327406,0.0
2023-03-08 00:00:00+00:00,152.8699951171875,,0.0,101677.07023327406,101677.07023327406,0.0
2023-03-09 00:00:00+00:00,150.58999633789062,,0.0,101677.07023327406,101677.07023327406,0.0
2023-03-10 00:00:00+00:00,148.5,,0.0,101677.07023327406,101677.07023327406,0.0
2023-03-13 00:00:00+00:00,150.47000122070312,,0.0,101677.07023327406,101677.07023327406,0.0
2023-03-14 00:00:00+00:00,152.58999633789062,,0.0,101677.07023327406,101677.07023327406,0.0
2023-03-15 00:00:00+00:00,152.99000549316406,,0.0,101677.07023327406,101677.07023327406,0.0
2023-03-16 00:00:00+00:00,155.85000610351562,,0.0,101677.07023327406,101677.07023327406,0.0
2023-03-17 00:00:00+00:00,155.0,,0.0,101677.07023327406,101677.07023327406,0.0
2023-03-20 00:00:00+00:00,157.39999389648438,SELL,0.0,101677.07023327406,101677.07023327406,0.0
2023-03-21 00:00:00+00:00,159.27999877929688,,0.0,101677.07023327406,101677.07023327406,0.0
2023-03-22 00:00:00+00:00,157.8300018310547,,0.0,101677.07023327406,101677.07023327406,0.0
2023-03-23 00:00:00+00:00,158.92999267578125,,0.0,101677.07023327406,101677.07023327406,0.0
2023-03-24 00:00:00+00:00,160.25,,0.0,101677.07023327406,101677.07023327406,0.0
2023-03-27 00:00:00+00:00,158.27999877929688,,0.0,101677.07023327406,101677.07023327406,0.0
2023-03-28 00:00:00+00:00,157.64999389648438,,0.0,101677.07023327406,101677.07023327406,0.0
2023-03-29 00:00:00+00:00,160.77000427246094,,0.0,101677.07023327406,101677.07023327406,0.0
2023-03-30 00:00:00+00:00,162.36000061035156,,0.0,101677.07023327406,101677.07023327406,0.0
2023-03-31 00:00:00+00:00,164.89999389648438,SELL,0.0,101677.07023327406,101677.07023327406,0.0
2023-04-03 00:00:00+00:00,166.1699981689453,,0.0,101677.07023327406,101677.07023327406,0.0
2023-04-04 00:00:00+00:00,165.6300048828125,,0.0,101677.07023327406,101677.07023327406,0.0
2023-04-05 00:00:00+00:00,163.75999450683594,,0.0,101677.07023327406,101677.07023327406,0.0
2023-04-06 00:00:00+00:00,164.66000366210938,,0.0,101677.07023327406,101677.07023327406,0.0
2023-04-10 00:00:00+00:00,162.02999877929688,,0.0,101677.07023327406,101677.07023327406,0.0
2023-04-11 00:00:00+00:00,160.8000030517578,,0.0,101677.07023327406,101677.07023327406,0.0
2023-04-12 00:00:00+00:00,160.10000610351562,,0.0,101677.07023327406,101677.07023327406,0.0
2023-04-13 00:00:00+00:00,165.55999755859375,,0.0,101677.07023327406,101677.07023327406,0.0
2023-04-14 00:00:00+00:00,165.2100067138672,,0.0,101677.07023327406,101677.07023327406,0.0
2023-04-17 00:00:00+00:00,165.22999572753906,,0.0,101677.07023327406,101677.07023327406,0.0
2023-04-18 00:00:00+00:00,166.47000122070312,,0.0,101677.07023327406,101677.07023327406,0.0
2023-04-19 00:00:00+00:00,167.6300048828125,,0.0,101677.07023327406,101677.07023327406,0.0
2023-04-20 00:00:00+00:00,166.64999389648438,,0.0,101677.07023327406,101677.07023327406,0.0
2023-04-21 00:00:00+00:00,165.02000427246094,,0.0,101677.07023327406,101677.07023327406,0.0
2023-04-24 00:00:00+00:00,165.3300018310547,,0.0,101677.07023327406,101677.07023327406,0.0
2023-04-25 00:00:00+00:00,163.77000427246094,,0.0,101677.07023327406,101677.07023327406,0.0
2023-04-26 00:00:00+00:00,163.75999450683594,,0.0,101677.07023327406,101677.07023327406,0.0
2023-04-27 00:00:00+00:00,168.41000366210938,,0.0,101677.07023327406,101677.07023327406,0.0
2023-04-28 00:00:00+00:00,169.67999267578125,,0.0,101677.07023327406,101677.07023327406,0.0
2023-05-01 00:00:00+00:00,169.58999633789062,,0.0,101677.07023327406,101677.07023327406,0.0
2023-05-02 00:00:00+00:00,168.5399932861328,,0.0,101677.07023327406,101677.07023327406,0.0
2023-05-03 00:00:00+00:00,167.4499969482422,,0.0,101677.07023327406,101677.07023327406,0.0
2023-05-04 00:00:00+00:00,165.7899932861328,,0.0,101677.07023327406,101677.07023327406,0.0
2023-05-05 00:00:00+00:00,173.57000732421875,SELL,0.0,101677.07023327406,101677.07023327406,0.0
2023-05-08 00:00:00+00:00,173.5,,0.0,101677.07023327406,101677.07023327406,0.0
2023-05-09 00:00:00+00:00,171.77000427246094,,0.0,101677.07023327406,101677.07023327406,0.0
2023-05-10 00:00:00+00:00,173.55999755859375,,0.0,101677.07023327406,101677.07023327406,0.0
2023-05-11 00:00:00+00:00,173.75,,0.0,101677.07023327406,101677.07023327406,0.0
2023-05-12 00:00:00+00:00,172.57000732421875,,0.0,101677.07023327406,101677.07023327406,0.0
2023-05-15 00:00:00+00:00,172.07000732421875,,0.0,101677.07023327406,101677.07023327406,0.0
2023-05-16 00:00:00+00:00,172.07000732421875,,0.0,101677.07023327406,101677.07023327406,0.0
2023-05-17 00:00:00+00:00,172.69000244140625,,0.0,101677.07023327406,101677.07023327406,0.0
2023-05-18 00:00:00+00:00,175.0500030517578,,0.0,101677.07023327406,101677.07023327406,0.0
2023-05-19 00:00:00+00:00,175.16000366210938,,0.0,101677.07023327406,101677.07023327406,0.0
2023-05-22 00:00:00+00:00,174.1999969482422,,0.0,101677.07023327406,101677.07023327406,0.0
2023-05-23 00:00:00+00:00,171.55999755859375,,0.0,101677.07023327406,101677.07023327406,0.0
2023-05-24 00:00:00+00:00,171.83999633789062,,0.0,101677.07023327406,101677.07023327406,0.0
2023-05-25 00:00:00+00:00,172.99000549316406,,0.0,101677.07023327406,101677.07023327406,0.0
2023-05-26 00:00:00+00:00,175.42999267578125,,0.0,101677.07023327406,101677.07023327406,0.0
2023-05-30 00:00:00+00:00,177.3000030517578,,0.0,101677.07023327406,101677.07023327406,0.0
2023-05-31 00:00:00+00:00,177.25,,0.0,101677.07023327406,101677.07023327406,0.0
2023-06-01 00:00:00+00:00,180.08999633789062,SELL,0.0,101677.07023327406,101677.07023327406,0.0
2023-06-02 00:00:00+00:00,180.9499969482422,,0.0,101677.07023327406,101677.07023327406,0.0
2023-06-05 00:00:00+00:00,179.5800018310547,,0.0,101677.07023327406,101677.07023327406,0.0
2023-06-06 00:00:00+00:00,179.2100067138672,,0.0,101677.07023327406,101677.07023327406,0.0
2023-06-07 00:00:00+00:00,177.82000732421875,,0.0,101677.07023327406,101677.07023327406,0.0
2023-06-08 00:00:00+00:00,180.57000732421875,,0.0,101677.07023327406,101677.07023327406,0.0
2023-06-09 00:00:00+00:00,180.9600067138672,,0.0,101677.07023327406,101677.07023327406,0.0
2023-06-12 00:00:00+00:00,183.7899932861328,,0.0,101677.07023327406,101677.07023327406,0.0
2023-06-13 00:00:00+00:00,183.30999755859375,,0.0,101677.07023327406,101677.07023327406,0.0
2023-06-14 00:00:00+00:00,183.9499969482422,,0.0,101677.07023327406,101677.07023327406,0.0
2023-06-15 00:00:00+00:00,186.00999450683594,,0.0,101677.07023327406,101677.07023327406,0.0
2023-06-16 00:00:00+00:00,184.9199981689453,,0.0,101677.07023327406,101677.07023327406,0.0
2023-06-20 00:00:00+00:00,185.00999450683594,,0.0,101677.07023327406,101677.07023327406,0.0
2023-06-21 00:00:00+00:00,183.9600067138672,,0.0,101677.07023327406,101677.07023327406,0.0
2023-06-22 00:00:00+00:00,187.0,,0.0,101677.07023327406,101677.07023327406,0.0
2023-06-23 00:00:00+00:00,186.67999267578125,,0.0,101677.07023327406,101677.07023327406,0.0
2023-06-26 00:00:00+00:00,185.27000427246094,,0.0,101677.07023327406,101677.07023327406,0.0
2023-06-27 00:00:00+00:00,188.05999755859375,,0.0,101677.07023327406,101677.07023327406,0.0
2023-06-28 00:00:00+00:00,189.25,,0.0,101677.07023327406,101677.07023327406,0.0
2023-06-29 00:00:00+00:00,189.58999633789062,,0.0,101677.07023327406,101677.07023327406,0.0
2023-06-30 00:00:00+00:00,193.97000122070312,SELL,0.0,101677.07023327406,101677.07023327406,0.0
2023-07-03 00:00:00+00:00,192.4600067138672,,0.0,101677.07023327406,101677.07023327406,0.0
2023-07-05 00:00:00+00:00,191.3300018310547,,0.0,101677.07023327406,101677.07023327406,0.0
2023-07-06 00:00:00+00:00,191.80999755859375,,0.0,101677.07023327406,101677.07023327406,0.0
2023-07-07 00:00:00+00:00,190.67999267578125,,0.0,101677.07023327406,101677.07023327406,0.0
2023-07-10 00:00:00+00:00,188.61000061035156,,0.0,101677.07023327406,101677.07023327406,0.0
2023-07-11 00:00:00+00:00,188.0800018310547,,0.0,101677.07023327406,101677.07023327406,0.0
2023-07-12 00:00:00+00:00,189.77000427246094,,0.0,101677.07023327406,101677.07023327406,0.0
2023-07-13 00:00:00+00:00,190.5399932861328,,0.0,101677.07023327406,101677.07023327406,0.0
2023-07-14 00:00:00+00:00,190.69000244140625,,0.0,101677.07023327406,101677.07023327406,0.0
2023-07-17 00:00:00+00:00,193.99000549316406,,0.0,101677.07023327406,101677.07023327406,0.0
2023-07-18 00:00:00+00:00,193.72999572753906,,0.0,101677.07023327406,101677.07023327406,0.0
2023-07-19 00:00:00+00:00,195.10000610351562,,0.0,101677.07023327406,101677.07023327406,0.0
2023-07-20 00:00:00+00:00,193.1300048828125,,0.0,101677.07023327406,101677.07023327406,0.0
2023-07-21 00:00:00+00:00,191.94000244140625,,0.0,101677.07023327406,101677.07023327406,0.0
2023-07-24 00:00:00+00:00,192.75,,0.0,101677.07023327406,101677.07023327406,0.0
2023-07-25 00:00:00+00:00,193.6199951171875,,0.0,101677.07023327406,101677.07023327406,0.0
2023-07-26 00:00:00+00:00,194.5,,0.0,101677.07023327406,101677.07023327406,0.0
2023-07-27 00:00:00+00:00,193.22000122070312,,0.0,101677.07023327406,101677.07023327406,0.0
2023-07-28 00:00:00+00:00,195.8300018310547,,0.0,101677.07023327406,101677.07023327406,0.0
